v1,v2,v3
1478,1479,422
2065,2289,1982
1377,1638,1621
399,2384,2339
326,2459,1921
441,1968,236
1572,1659,1236
333,2291,1499
1082,1628,1558
1037,1567,1039
432,1677,1541
382,2268,1508
2234,2254,1481
386,1545,1544
1282,2299,1609
283,1682,368
1487,2336,388
1579,1684,342
1554,1699,1016
397,2069,2068
1236,1658,1572
406,1485,1484
427,2238,1491
291,1480,290
2301,2364,1457
1921,2252,326
444,2088,1512
2000,2530,129
1621,2319,1377
689,1597,1596
1484,1533,406
236,1968,235
355,1650,1516
386,1544,1543
1432,2400,1642
398,2493,1886
2119,2561,294
2318,2438,1568
335,2322,1548
1016,1700,1554
384,2423,2081
2068,2070,397
130,2000,129
1328,2428,1599
1673,2393,1613
1481,2254,1480
1486,1579,405
411,1502,1501
388,2422,1487
1519,1520,443
2290,2464,1949
295,2119,294
2044,2404,2297
422,2231,1478
2358,2395,1473
1621,2355,2319
1601,2428,1724
395,2355,1621
1599,2330,1328
1724,2381,1601
2339,2384,1443
1281,1664,1575
1058,2067,1545
1380,2400,1432
112,2358,1483
2284,2321,1678
1483,2439,112
1596,1696,689
2081,2423,1488
437,2276,2123
2313,2414,1505
431,2414,2313
450,1658,452
1091,1567,1037
294,2561,374
1528,2299,1282
1486,1684,1579
2252,2405,326
2362,2368,418
1262,2438,2318
405,1664,1486
1565,1649,1636
1999,2462,389
1575,1664,405
325,2364,2301
389,2370,1999
1959,2405,2252
436,2289,2065
1491,2473,427
2379,2416,1716
1319,1639,1619
1507,2368,2362
2350,2445,381
1028,1700,927
1499,2396,333
1535,1536,375
1632,2472,917
343,1531,1530
2164,2283,2282
1581,1685,1485
1182,2335,1184
257,2293,256
293,2231,292
109,1616,110
390,1615,1511
1360,2070,1358
1511,1616,390
371,2464,2290
1886,2493,1887
1605,1606,845
422,1480,291
1520,1521,443
2285,2286,1992
1550,1551,1261
413,2395,2358
1619,1639,1618
1938,2333,1939
1485,2433,1581
1448,2395,1616
2226,2278,440
355,2415,1650
1490,2266,354
1557,2509,1091
1938,2383,2333
1085,2393,1673
1091,2432,1557
1501,2304,411
1549,2499,1648
1505,1988,350
1630,1871,1561
444,2436,2088
2416,2482,1464
284,1682,283
1545,2067,1544
1548,2322,1390
1361,1675,1364
371,2290,1939
1886,2236,398
2297,2404,376
1608,2416,2379
1261,1552,1550
1503,2445,2350
1508,2481,382
165,2238,164
917,2435,1632
1593,1637,1607
1555,2291,333
1508,2268,1509
432,1678,1677
440,2373,2226
129,2530,393
1549,1648,1548
1939,2333,371
360,1598,1513
1518,2231,374
1479,1480,422
1547,2140,446
368,1682,1681
2376,2443,2241
224,2337,327
341,2389,1990
1990,2521,341
2371,2446,2017
353,1878,1876
1448,1616,1511
1567,1684,1039
1596,2356,1696
2392,2425,2128
1678,2426,2284
256,2293,1670
1626,1658,450
1558,1628,1627
2274,2521,1504
350,2313,1505
1199,1672,1180
89,1546,359
1636,1662,1565
391,1539,14
240,2374,1506
1645,2147,426
1606,1683,845
348,2271,1882
1982,2289,2090
322,2443,2376
407,1651,1594
1608,1652,366
1506,2525,240
58,1552,59
339,1669,1523
110,1616,413
1876,1877,353
14,1539,15
338,2248,1950
452,1658,1236
2123,2366,437
1696,2356,835
1480,2254,290
372,2254,2234
390,1616,109
2075,2076,383
1748,2407,361
1967,1968,441
1373,2457,1562
1950,2558,338
395,2368,1507
1050,2401,2391
88,1546,89
1044,1664,1046
310,1647,309
1672,2335,1182
1674,1984,356
1464,2482,1525
2248,2307,1932
364,2446,2371
338,2307,2248
354,2399,1490
59,1552,399
1436,2229,1878
411,1503,1502
361,2413,1748
1507,2355,395
1373,1700,1028
927,1700,1016
1607,2472,1593
1623,1663,1371
1564,2429,1083
2282,2387,2164
380,2490,1542
1504,2338,2274
1542,2492,380
1369,2070,1360
1358,2070,2068
363,2425,2392
1616,2395,413
1595,2538,2328
1871,2476,1561
2505,2508,2056
1536,2377,375
1984,2238,356
1523,1668,339
403,1630,1629
1562,2421,1373
417,2508,2505
1533,1737,1247
1484,1737,1533
1512,2260,444
397,2071,122
375,1537,1535
1636,1649,330
349,1541,1534
342,1684,1567
256,1670,255
2259,2360,1369
1476,2374,439
2472,2563,1732
1534,1540,349
374,2231,293
292,2231,422
443,2255,1519
1921,2459,1923
1302,2308,1299
1623,2317,418
1491,2238,1984
2140,2380,446
150,2434,2408
1550,1552,58
1923,2459,220
2332,2418,1715
426,2147,1650
2328,2538,1514
423,2331,1537
1540,1665,429
1510,2373,440
392,2057,1538
1666,2399,354
354,2467,1666
1112,2413,1587
343,2486,1531
220,2483,1923
1524,2363,344
309,1647,388
2299,2527,378
1083,2470,1564
1587,2494,1112
1515,2297,376
1878,2229,1876
1528,2527,2299
917,2472,1732
1488,2336,1487
122,2071,121
1107,2390,2359
1659,2096,1236
842,2096,1659
2286,2513,1992
327,2337,1903
439,2517,1476
1371,1675,1361
1644,1645,357
1904,2417,2348
1612,2466,1611
1541,2456,432
372,2234,2024
435,2293,257
341,2521,2274
1618,1639,1620
2466,2475,1611
1548,1648,335
80,1569,344
43,1575,405
86,1577,351
98,1600,365
108,1614,390
116,1620,394
1537,2458,423
356,2238,165
164,2238,427
403,2499,1630
1545,2258,1058
2148,2149,442
1992,2314,2285
1527,2398,245
1675,2523,1364
1510,2301,1457
2317,2362,418
1180,1672,1182
1374,1631,1323
1551,2457,1280
440,2503,1510
321,2380,2140
2391,2401,1574
1648,2499,403
1525,2482,22
2357,2367,1430
1594,2328,407
1530,2318,343
1371,2317,1623
344,2506,1524
406,2433,1485
425,2345,1646
1523,1672,1199
1563,2322,335
1569,1570,344
1577,1578,351
1600,1601,365
1614,1615,390
1620,1631,394
1306,1676,1303
2272,2273,2130
1667,2399,1666
2049,2370,389
385,2121,1643
1478,2231,1518
2258,2342,2325
401,1626,450
1558,1627,334
1559,1629,1561
1582,1641,409
1469,1640,1470
1558,2349,1082
245,2539,1527
332,2398,1526
376,2382,1515
1310,2399,1667
1545,2342,2258
1515,2382,1543
2140,2542,321
1248,1660,1483
1541,1677,1676
1082,2562,1628
1395,1641,1256
436,2065,1990
373,2560,2133
1486,1664,1044
1046,1664,1281
255,1670,339
1369,2360,2071
393,2530,2059
438,2406,2354
1552,2384,399
1064,1679,1026
233,2255,232
1671,2293,2242
1646,2479,425
1526,2522,332
1671,2242,1191
1184,2335,1191
1516,2387,355
22,2480,1525
1374,2410,1631
366,2416,1608
2408,2434,1475
2354,2406,1458
1280,2448,1551
2059,2507,393
337,2441,2090
389,2469,2049
316,2256,315
1625,2400,1380
1513,2495,360
1629,1630,1561
746,1633,449
1589,1637,1593
1607,1637,1603
2265,2312,1456
378,1612,1610
1531,2249,1532
1593,2472,1632
1578,2451,2359
2293,2514,2242
2382,2468,1543
400,1649,1565
1577,2451,1578
374,2561,1518
1677,2308,1302
1580,2243,352
2070,2071,397
1590,1651,362
1602,1652,1604
396,1675,1663
1594,1651,1590
1604,1652,1608
1571,1572,320
1553,1554,402
1584,1585,408
1610,1611,412
337,2383,1938
429,2463,1540
2397,2493,318
2284,2412,2321
1249,1660,1248
63,1626,401
61,1571,320
56,1562,329
69,1563,335
67,1649,400
54,1553,402
335,1648,70
334,1627,49
47,1566,1556
73,1629,1559
45,1579,342
34,1583,1580
32,1598,360
91,1582,409
95,1584,408
103,1610,412
13,1617,391
1621,1638,7
339,1668,254
1663,1675,1371
225,2337,224
379,2418,2332
1913,2351,2311
1615,1679,1511
1938,2441,337
2271,2474,1882
1633,1636,330
2090,2511,337
1601,2381,1446
2273,2491,2130
1091,2509,1567
1599,2428,1600
1568,2438,1569
2348,2417,445
1446,2515,1601
2133,2329,373
2359,2390,1578
254,1668,253
689,2497,1597
2212,2427,2372
1656,1955,839
1613,2393,1614
1533,2292,406
2276,2460,2123
383,2257,2075
449,1633,448
1588,1637,1589
1603,1637,410
1655,1955,1656
2110,2437,139
167,2261,166
1303,1676,1302
1534,1676,1306
1595,2328,1594
1520,1522,1521
1609,2299,100
840,2324,2320
1551,2448,1261
825,1955,1655
2164,2440,2283
1716,2416,1464
79,1569,80
42,1575,43
85,1577,86
97,1600,98
107,1614,108
115,1620,116
1908,2514,435
763,1683,765
2024,2280,372
1640,2369,1470
1456,2484,2265
2076,2526,383
357,1646,1644
1609,2515,1282
88,2247,1546
1776,1777,1560
1479,1481,1480
139,2520,2110
435,2500,1908
1511,1679,1064
1026,1679,1024
1089,2556,1585
2088,2287,1472
397,2537,2069
1191,2335,1671
2133,2560,2157
1667,2367,2357
1619,2487,1319
399,2339,1571
1395,2494,1641
746,1634,1633
2119,2404,2044
1554,2396,1699
1557,2349,1558
1990,2389,436
1669,1672,1523
339,1670,1669
442,2245,2148
2302,2310,2014
1531,2486,2249
1299,2308,1298
1538,2450,392
391,2402,1539
366,2482,2416
1483,2358,1473
1453,2411,2363
1572,1658,320
1453,2363,1524
324,2255,233
232,2255,443
1932,2307,438
1645,2449,357
1655,1956,825
2235,2275,369
438,2354,1932
1539,2409,15
1568,1569,79
1573,1575,42
1576,1577,85
448,1633,330
1599,1600,97
401,449,448
1556,1557,334
1559,1560,336
1613,1614,107
1618,1620,115
409,1587,1586
1588,1589,362
410,1637,1588
1602,1603,410
1624,1625,396
1622,1642,419
2327,2378,2251
845,2563,1605
414,2352,1617
1365,2300,2259
1585,2407,1089
2253,2305,905
398,2256,316
315,2256,421
333,2396,1553
1659,2294,842
1541,1676,1534
1562,2457,329
1657,2240,2239
385,2385,2121
426,2449,1645
1656,2240,1657
845,1683,763
765,1683,978
1520,1956,1522
1887,2493,2397
1567,2509,1566
1586,2413,361
1546,2536,359
2287,2542,1472
361,2407,1584
1442,2280,2024
1620,1639,1631
2372,2427,447
1247,2295,1533
1631,2410,394
1284,1961,1956
1575,2498,1281
62,1626,63
60,1571,61
55,1562,56
70,1648,71
68,1563,69
57,1550,58
53,1553,54
66,1649,67
49,1627,50
72,1629,73
46,1566,47
44,1579,45
78,1568,79
41,1573,42
84,1576,85
36,1581,37
33,1583,34
31,1598,32
90,1582,91
94,1584,95
96,1599,97
99,1609,100
102,1610,103
106,1613,107
12,1617,13
114,1618,115
6,1621,7
65,448,330
52,1555,333
401,448,64
48,1556,334
74,1559,336
404,1555,51
35,1580,352
93,1586,361
362,1651,29
28,1588,362
409,1586,92
30,1651,407
410,1588,27
26,1602,410
25,1652,1602
366,1652,24
11,1640,414
8,1638,416
394,1622,117
118,1622,419
396,1663,0
419,1624,119
120,1624,396
3,1623,418
2,1663,1623
2237,2558,1950
1581,2433,37
2292,2295,345
1369,2071,2070
839,2240,1656
2311,2351,324
1522,1956,1655
386,2342,1545
1450,2533,2475
1542,2490,412
1557,2432,2349
166,2261,356
428,2261,167
1380,2523,1625
1610,1612,1611
1882,2412,348
1994,2250,2244
2304,2418,379
336,2249,75
407,2549,1598
295,2404,2119
1522,1653,1521
2320,2324,1481
351,2247,87
1665,1666,429
1956,1961,825
1284,1956,1520
2274,2338,433
1642,2400,419
1624,2400,1625
1634,1636,1633
746,1635,1634
1968,2471,235
1670,1671,1669
1529,2466,1612
359,2420,1582
1630,2388,1871
2104,2303,377
1622,2410,1642
40,2292,345
406,2292,39
1556,2509,1557
1724,2428,1328
835,2356,1632
1537,2298,1535
401,450,449
1557,1558,334
1559,1561,1560
409,1641,1587
1589,1590,362
1602,1604,1603
1625,1675,396
1578,2340,351
1543,2468,386
2157,2560,153
2270,2502,2501
690,1696,753
1298,2321,1946
101,2299,378
367,2310,2302
1661,2253,1009
20,2304,379
411,2304,19
1653,2489,1521
1625,2523,1675
358,2378,2327
1676,1677,1302
2259,2300,420
2328,2549,407
1661,2305,2253
1949,2464,2237
753,1696,835
689,1696,690
1503,2323,1502
1877,2414,431
1522,1654,1653
1665,1667,1666
1635,1661,1634
450,451,449
1589,1591,1590
1604,1605,1603
420,2360,2259
1041,1684,1486
1039,1684,1041
2244,2250,1635
2149,2518,442
1522,1655,1654
451,746,449
450,452,451
1589,1593,1591
1605,1607,1603
1591,1592,1590
1604,1606,1605
1315,1831,1445
1445,1831,1685
1686,1831,1315
1397,1686,1315
1763,2221,1702
1765,2220,1764
1767,2217,1766
1397,1694,1686
1655,1656,1654
1769,2214,1768
1841,2045,811
1687,1841,1127
1687,2045,1841
1693,1853,632
1381,1853,1693
1096,2039,1899
1899,2039,1139
636,2215,1779
1400,1689,1387
1838,1839,980
980,1839,921
1391,1909,1690
1686,1694,1386
1391,1690,1392
1093,1778,1688
1204,1795,1695
1795,1914,1695
1764,2220,634
1766,2217,624
1768,2214,618
1702,2221,638
1592,1594,1590
1604,1608,1606
876,1890,1778
452,453,451
519,2198,1833
1778,1890,1688
1593,1632,1591
1694,1779,1386
1697,1890,876
1402,1697,876
1738,2097,1402
637,1779,655
1690,1691,1392
1704,2207,1253
1402,2097,1697
1400,1717,1689
811,2045,1899
1243,2158,1822
1689,1717,1393
921,1839,1391
1899,2045,1096
1139,2039,1689
1117,1703,1530
1230,1691,1690
655,1779,1694
1717,1833,1393
1839,1909,1391
1413,1708,1243
515,2193,1859
1413,1919,1708
1230,1722,1691
1408,1837,1722
1689,2039,1387
644,2182,1692
766,2207,1704
1695,2152,1204
1119,1713,1698
1813,2196,1097
1699,1701,1016
1016,1701,873
632,2210,1693
1397,1864,1694
1117,1713,1703
1406,2195,1692
1708,2158,1243
1809,2165,1098
1770,2209,642
1468,1741,1705
1694,1864,655
1853,2215,636
1755,2154,1754
636,1779,637
1406,2200,2195
1705,1741,1015
962,1713,1119
1774,2188,617
1656,1657,1654
1408,1722,1230
1698,1720,1119
1771,2209,1770
1693,2210,2205
1204,2152,1196
1757,2125,1232
2174,2182,644
1779,2215,1386
1809,2178,1810
1395,1840,1706
924,1721,877
1833,2198,1393
2143,2208,1189
621,2210,632
1770,2214,1769
1829,2188,1774
1701,1735,873
1097,2196,2189
1859,2193,1417
1768,2217,1767
1812,2196,1813
2178,2189,1810
1766,2220,1765
1703,1713,962
1396,1900,1712
1692,2182,1793
1774,2197,1773
1799,2153,588
1706,1840,1745
1764,2221,1763
1757,2141,1758
1783,2107,1784
1735,1912,868
1707,2117,576
1788,2002,1399
669,2097,1738
1792,2074,1101
1808,2165,1809
1015,1741,1396
1788,2072,669
1702,2223,1431
1745,1840,1834
613,2094,1761
1398,1898,1718
1098,2165,2150
868,1731,1398
868,1912,1731
2141,2150,1758
2197,2203,1773
1799,2167,1800
1692,2195,644
1790,1942,1404
642,2209,2203
1795,2182,2174
659,1864,1726
1592,1595,1594
663,1866,1710
1712,1849,1396
452,454,453
1795,2174,1914
1754,2154,826
1740,2117,1707
643,1720,1714
1701,1912,1735
710,2051,1818
1741,1900,1396
1691,2082,1743
1726,1864,1397
2072,2097,669
1731,1898,1398
2223,2225,1431
519,1833,520
1119,1721,924
626,1942,1790
1806,1873,995
617,2188,2175
1709,2064,771
928,1719,1089
2167,2175,1800
1756,2125,1757
2005,2131,595
1232,2125,2115
893,1827,896
1798,2153,1799
1743,2082,507
1716,1862,978
1722,1837,503
1718,1865,1398
1714,1870,643
2116,2124,735
1818,2051,1817
1691,1743,1392
1098,2178,1809
588,2153,2146
1707,2138,1407
1711,2144,996
1745,1834,749
1529,1879,1739
896,1827,1825
1822,2158,996
1342,1762,1715
1721,2005,877
508,2145,507
1784,2107,1108
1739,1879,931
1065,1723,1448
2189,2196,1810
995,1874,1806
2205,2210,1813
1399,2072,1788
1232,2141,1757
599,2083,1786
1996,2002,663
1110,1713,1117
1097,2205,1813
1399,2002,1996
2150,2165,1758
591,1827,893
1832,1865,1718
1118,1780,1116
1724,1858,969
963,1762,1342
1815,1849,1712
1401,2152,1695
996,2144,739
751,2112,2098
1136,1806,1755
1168,1824,1740
2184,2191,502
1698,1713,1110
2115,2125,1792
523,1951,524
2138,2146,1407
1791,2074,1792
1825,1828,896
1761,2094,1760
623,1866,663
1444,1730,1034
928,1736,1719
1450,1725,1017
1761,2124,2116
911,1762,963
1777,1780,1532
1837,2127,485
966,1775,983
1381,2215,1853
1470,1728,1273
1101,2074,2050
1780,1852,1116
1786,2083,1785
1101,2115,1792
1136,1873,1806
1714,1720,1698
1755,1805,1136
1408,2127,1837
2085,2094,613
1726,2038,659
1717,1951,523
1113,1736,785
1056,1742,802
643,1870,584
1017,1725,937
978,1862,776
1787,2114,1786
1067,1723,1065
870,1735,867
1744,1854,795
1710,1996,663
463,1842,461
1446,1742,1056
1176,2077,1423
1844,2078,1843
1761,2116,613
1402,1883,1738
2206,2219,1863
853,1805,1752
1034,1730,1036
601,1812,620
520,1833,523
2098,2112,1709
1347,1727,1377
1267,1729,1268
1273,1728,1274
2050,2074,1790
1859,2198,519
1532,1780,1118
1812,1813,620
1835,1836,1405
1247,1737,1054
983,1734,984
917,1732,759
749,1969,1745
612,2002,1788
539,1832,616
1740,1880,1168
659,2038,660
884,1807,1082
1721,2131,2005
750,1969,749
1836,1894,1405
1719,1736,1113
1493,2064,1709
1033,1733,1474
873,1735,870
1115,1842,1820
1796,1869,1403
1143,1954,1828
553,1791,641
1796,1942,626
1120,1744,672
1174,1772,1165
1791,1792,641
1781,1910,1782
2146,2153,1407
1782,1910,1214
454,2096,456
702,1849,1815
853,1751,1750
969,1858,798
1851,1896,1884
1170,1772,1771
588,2167,1799
1300,1766,1765
1752,1805,1755
1818,2094,2085
1848,1975,1930
1300,1765,1301
853,1752,1751
1296,1768,1767
971,1749,1083
1747,2007,527
1170,1771,1172
1292,1770,1769
1174,1773,1772
1292,1769,1293
617,2197,1774
741,1822,996
992,1917,1857
1296,1767,1297
867,1735,868
1824,2117,1740
1415,2099,2064
1248,1483,1473
1835,1892,479
616,1832,1718
1134,1746,1378
1404,2050,1790
1783,1784,566
1738,1883,606
576,2117,2111
1116,1852,859
1787,2126,2114
853,1750,499
1347,1377,1349
2143,2152,1401
1345,1727,1347
1353,1507,1355
527,2007,528
567,1783,566
1271,1469,1273
785,1736,782
1720,1721,1119
1794,1795,1204
771,2098,1709
794,1821,700
1076,1500,1267
923,1778,1093
461,1842,1115
1233,1761,1760
1248,1473,1070
1359,1371,1361
452,1236,454
1474,1539,1444
1469,1470,1273
672,1744,673
1304,1764,1763
1168,1880,1149
1758,1814,694
1816,1865,1832
527,1951,1747
1828,1954,896
641,1756,555
1854,1929,795
647,1759,631
1447,1542,1450
1448,1511,1064
1033,1474,1444
1930,1975,525
1233,1760,1185
1884,1896,517
1031,1733,1033
931,1879,844
1054,1737,1100
1759,1995,1866
1198,1794,1204
1018,1447,1017
1818,2085,710
1781,1782,570
802,1742,800
1342,1501,1265
694,1814,559
1857,1917,1206
700,1821,698
1059,1748,1112
1366,1380,1368
1811,1812,587
471,1842,463
1065,1448,1064
1425,1786,1785
2175,2188,1800
1274,1728,1345
507,2145,1743
1086,1282,1056
883,1807,884
1800,1830,1175
1464,1525,1266
1692,1793,1339
1165,1772,1170
1817,2051,1177
1105,1266,1043
1405,1892,1835
1071,1248,1070
1827,2106,1826
705,1834,804
1866,1995,1710
995,1915,1874
2064,2099,771
1175,1830,1159
587,1812,601
1304,1763,1305
1425,1785,1002
1268,1729,1271
1114,1327,1113
963,1342,1265
1806,2154,1755
935,1014,933
1022,1085,1020
843,1056,802
800,969,798
523,1833,1717
875,1778,923
631,1866,623
565,1811,587
940,1017,937
908,1043,909
643,2131,1720
571,1781,570
1063,1064,1026
576,2138,1707
928,1059,820
1114,1858,1724
1174,1829,1774
1114,1328,1327
1237,1798,1155
908,1862,1105
1086,1528,1282
963,1265,964
1808,1809,629
537,1832,539
610,1788,669
1743,2145,2137
1089,1748,1059
937,1725,935
973,1749,971
1105,1862,1716
842,1804,662
928,1089,1059
800,1742,969
909,1762,911
787,1113,785
702,1815,671
787,1858,1114
1396,1849,805
1031,1033,1032
781,928,820
1324,1374,1323
843,1086,1056
933,1739,931
1033,1444,1034
1801,1821,794
1447,1450,1017
1754,2169,1753
908,1105,1043
1036,1730,1076
1069,1070,1067
781,820,779
1105,1464,1266
545,1869,1796
787,1114,1113
805,1849,704
1345,1728,1727
1870,1957,1803
1121,1123,1122
1782,2107,1783
979,1256,1015
757,917,759
753,835,755
765,978,776
547,1796,626
1123,1465,1122
497,1805,853
804,979,805
761,845,763
584,1870,582
1823,1824,1168
524,1951,527
824,908,907
551,1791,553
473,1819,471
964,1775,966
1339,1793,1203
499,1750,501
935,1725,1014
693,1121,1120
582,1803,579
862,1776,918
677,795,679
1121,1122,1120
1076,1267,1077
979,1015,805
563,1808,629
1187,1797,1233
1714,1957,1870
911,963,913
759,1732,761
851,925,852
745,1822,741
1236,2096,454
925,1278,947
674,851,850
1752,1753,1751
1014,1739,933
1318,1319,1251
1322,1323,1320
1178,1817,1177
667,693,672
1256,1705,1015
966,983,968
1484,1485,1385
804,805,704
940,1018,1017
534,1816,537
693,1120,672
827,1861,1860
1,420,319
1823,1828,1825
454,455,453
123,397,122
1120,1854,1744
984,1734,1031
848,1801,794
1759,1866,631
126,417,125
468,1873,470
985,1852,1780
1070,1723,1067
1380,1432,1368
1163,1829,1174
317,398,316
315,421,314
1271,1729,1469
1174,1774,1773
1468,1546,1372
649,1860,628
129,393,128
312,392,311
984,1031,1030
1147,1823,1168
1271,1273,1272
1911,1974,1137
1816,1832,537
808,1804,1125
309,388,308
132,389,131
1301,1765,1304
1279,1372,1278
1378,1453,1379
1789,1791,551
860,1852,985
1720,2131,1721
876,1778,875
1383,1484,1385
761,1732,845
1530,1531,1118
874,875,681
628,1860,1137
851,852,850
1493,1709,1495
306,384,305
135,385,134
1282,1446,1056
1059,1112,1111
925,947,852
674,850,653
633,1853,636
654,674,653
2063,2083,599
1400,1951,1717
1117,1118,1116
1297,1767,1300
1124,1312,1123
856,857,855
1130,1276,1132
1145,1828,1823
705,804,704
995,1873,468
1293,1769,1296
1036,1076,1075
138,383,137
303,382,302
859,1852,857
854,855,695
703,704,702
1423,2077,1891
570,1783,567
1266,1715,1043
1117,1530,1118
1308,1702,1431
881,883,882
1389,1548,1390
577,2041,2036
985,1776,862
749,1834,707
602,681,597
673,1744,677
856,859,857
875,923,877
589,643,584
1756,1757,694
610,669,608
1134,1378,1142
141,387,140
300,386,299
879,881,880
1172,1771,1292
985,1777,1776
961,1262,962
854,856,855
923,961,924
626,1790,1789
1340,1406,1339
1132,1746,1134
1345,1347,1346
578,695,574
780,781,779
865,867,866
612,1788,610
503,2082,1722
927,1016,873
623,663,615
549,1789,551
860,985,862
923,1093,961
1110,1116,859
656,1864,659
707,1834,705
1425,1787,1786
1063,1065,1064
1076,1730,1500
776,1862,824
696,865,864
578,854,695
616,879,878
1501,1502,1265
992,1856,1855
872,927,873
1185,1760,1183
1110,1117,1116
950,1091,1037
867,868,866
1383,1385,1384
2036,2041,1857
297,376,296
144,377,143
884,1082,941
1125,1126,838
908,909,907
786,787,785
1268,1271,1270
1280,1373,1028
883,884,882
547,626,549
539,616,541
865,866,864
1347,1349,1348
872,873,870
1041,1486,1044
881,882,880
1389,1390,1012
874,876,875
1046,1281,1048
1798,1799,1175
992,1855,822
1255,1441,1103
652,653,647
608,1738,606
553,641,555
545,1796,547
1406,1692,1339
730,1845,728
147,375,146
294,374,293
1349,1351,1350
1802,2029,1821
632,1853,633
531,696,533
674,1815,1712
1276,1746,1132
1752,1754,1753
696,864,533
1154,1237,1155
1888,2078,1844
557,694,559
1465,1513,1466
602,874,681
1242,1413,1243
1143,1828,1145
1238,1407,1237
1198,1204,1196
1187,1233,1185
799,800,798
1203,1793,1201
559,1814,561
1102,1103,883
1189,1797,1187
890,970,889
1843,1845,734
1052,1247,1054
992,1857,1856
1183,1231,1181
616,878,541
879,880,878
516,1859,519
555,1756,557
1104,1255,1103
1001,1844,1843
1125,1443,1126
857,860,858
1201,1794,1198
888,889,887
655,1864,656
594,1836,1835
667,672,668
1338,1339,1203
714,1848,712
289,372,288
152,373,151
971,1083,970
561,1808,563
1825,1826,1824
1394,1499,1255
1002,1785,956
563,629,565
1403,1869,878
1071,1249,1248
688,702,671
801,802,800
886,887,645
626,1789,549
1592,1596,1595
1819,1842,471
963,964,913
1388,1389,1012
878,1869,541
1231,1818,1817
1327,1719,1113
1453,1524,1379
734,1845,730
513,1128,515
860,862,861
1378,1379,1142
808,1125,838
669,1738,608
561,1814,1808
292,422,291
149,423,148
1846,1848,743
1069,1071,1070
998,1847,1846
1159,1830,1161
503,1837,487
1147,1168,1149
662,1804,692
1126,1261,1127
1151,1154,1153
808,838,809
1809,1810,629
1834,1840,804
1183,1760,1231
1793,1794,1201
803,843,802
1315,1445,1313
1001,1843,831
1157,1175,1159
1100,1383,1382
778,779,750
692,1804,808
956,1226,954
1351,1353,1352
1274,1345,1344
1145,1823,1147
1008,1242,904
1161,1829,1163
748,749,707
1163,1174,1165
1424,1425,1002
487,1837,485
601,620,619
557,1756,694
768,1917,992
970,1009,889
1308,1431,1430
1462,1980,1966
1155,1798,1157
677,679,678
869,870,867
1242,1243,904
708,1867,836
743,1848,714
925,1279,1278
1161,1830,1829
887,905,645
2106,2111,1826
862,918,863
574,1781,571
621,632,625
784,785,782
717,1850,719
679,689,680
1747,1951,1400
286,363,285
155,364,154
1226,1802,1801
475,645,473
1279,1468,1372
515,1859,516
677,1744,795
633,636,635
158,367,157
283,368,282
1757,1758,694
1384,1831,1686
1128,2193,515
513,515,514
1172,1292,1291
998,1846,828
674,1712,851
875,877,681
504,2082,503
481,1835,479
831,1843,734
919,1871,980
1300,1767,1766
1305,1763,1308
737,827,685
987,1028,927
1181,1817,1178
956,1785,1226
637,655,639
697,1851,699
602,1883,874
279,357,278
162,358,161
1823,1825,1824
650,842,662
871,872,870
1095,1280,1028
988,1012,973
1157,1798,1175
594,1835,481
1297,1300,1299
1860,1861,1137
483,594,481
741,996,739
692,808,807
642,2214,1770
1031,1734,1733
1353,1355,1354
1293,1296,1295
1154,1238,1237
1782,1783,570
160,424,159
281,425,280
1100,1737,1383
719,1850,736
1851,1884,1140
493,1136,495
1799,1800,1175
828,1846,743
983,984,968
1176,1423,1422
1238,1707,1407
1786,2114,599
1514,1929,1466
1154,1155,1153
575,578,574
874,1883,1402
833,904,745
656,659,658
582,1870,1803
1296,1769,1768
1301,1304,1303
1109,1110,859
1304,1765,1764
654,1815,674
797,798,788
954,1801,848
1305,1308,1307
497,853,499
1059,1111,820
923,924,877
660,667,666
736,1850,1176
699,1851,722
166,356,165
275,355,274
531,533,532
170,354,169
1389,1838,1549
277,426,276
164,427,163
1121,1124,1123
1338,1340,1339
1140,1421,1420
918,1871,919
961,962,924
979,1395,1256
1262,1703,962
722,1851,1140
1033,1034,1032
1154,1880,1238
1334,1704,1253
490,503,487
1208,1974,1911
1287,1415,1288
1485,1685,1385
720,1868,718
901,1954,1143
583,584,582
1355,1357,1356
652,654,653
1473,1723,1070
168,428,167
753,755,754
268,353,267
888,890,889
1292,1771,1770
755,757,756
264,350,263
704,1849,702
653,1759,647
516,519,518
537,539,538
673,677,676
798,1858,788
932,933,931
947,1107,1106
1031,1032,1030
809,1841,811
174,349,173
179,348,178
1207,2051,710
172,429,171
585,589,584
890,971,970
836,1867,1061
693,2038,2020
881,1102,883
1493,1495,1494
1750,1751,1128
886,888,887
506,507,504
934,935,933
1231,1817,1181
1825,1827,1826
2203,2209,1773
260,346,259
266,431,265
501,513,512
539,541,540
685,1860,649
475,886,645
510,566,508
590,595,589
884,941,885
1403,1942,1796
703,705,704
736,1176,770
520,523,522
183,341,182
1531,1532,1118
1238,1880,1740
262,434,261
616,1718,879
255,339,254
919,980,921
569,570,567
979,1840,1395
1495,1497,1496
757,759,758
270,430,269
181,433,180
722,1140,724
188,337,187
176,432,175
272,369,271
524,527,526
1401,2208,2143
1389,1549,1548
999,1001,831
1966,1980,817
857,858,855
479,1892,476
596,597,595
822,1855,1003
1318,1320,1319
249,340,248
1012,1749,973
1008,1245,1242
258,435,257
695,1781,574
2111,2117,1826
936,937,935
194,338,193
1102,1104,1103
1226,1801,954
528,531,530
185,436,184
857,1852,860
244,332,243
573,574,571
1107,1130,1129
1136,1805,495
1126,1127,838
199,331,198
997,998,828
994,1177,993
1003,1855,1419
501,1750,513
1124,1313,1312
598,602,597
239,328,238
1103,1807,883
941,943,942
782,1736,781
620,621,619
204,325,203
833,1008,904
688,703,702
234,324,233
1292,1293,1291
470,1873,493
209,323,208
495,1805,497
229,322,228
808,809,807
1061,1287,1286
214,321,213
1104,1394,1255
690,753,752
547,549,548
943,950,944
247,437,246
224,327,223
219,326,218
252,370,251
545,547,546
759,761,760
1357,1359,1358
196,438,195
581,582,579
1308,1763,1702
1388,1838,1389
1802,1821,1801
191,371,190
1130,1132,1131
816,1868,720
534,537,536
1149,1880,1151
242,439,241
1394,1699,1499
988,1388,1012
201,440,200
1403,1965,1942
1416,1493,1492
1383,1384,1382
865,869,867
237,441,236
761,763,762
549,551,550
632,633,625
206,442,205
1182,1183,1181
1184,1185,1183
1112,1706,1111
232,443,231
781,1736,928
211,444,210
950,1037,951
860,861,858
227,445,226
216,446,215
222,447,221
955,956,954
515,516,514
1186,1187,1185
930,931,844
864,1865,1816
1296,1297,1295
824,1862,908
1322,1324,1323
1188,1189,1187
1465,1466,1122
833,1863,1008
1846,1975,1848
1359,1361,1360
455,1994,453
939,940,937
779,1969,750
862,863,861
925,1900,1279
894,1893,1412
768,992,822
1132,1134,1133
607,608,606
804,1840,979
1300,1301,1299
1712,1900,851
1114,1724,1328
957,1002,956
1037,1039,1038
1061,1867,1287
636,637,635
1143,1145,1144
904,1822,745
915,993,816
1005,1424,1002
763,765,764
1196,2152,1194
905,1820,1819
1145,1147,1146
542,545,544
551,553,552
1015,1396,805
1019,1020,1018
872,987,927
1180,1181,1178
696,2007,1925
1003,1419,1239
645,1819,473
1253,2207,1240
513,514,512
490,504,503
1383,1737,1484
985,1780,1777
748,750,749
609,610,608
827,1860,685
553,555,554
2012,2021,2016
953,954,848
675,2035,1987
519,520,518
1195,1196,1194
869,871,870
1147,1149,1148
993,1868,816
629,1811,565
611,612,610
1039,1041,1040
1149,1151,1150
671,1815,654
533,1816,534
1304,1305,1303
1361,1364,1363
1267,1268,1077
1176,1422,770
697,1896,1851
655,656,639
1197,1198,1196
780,782,781
1308,1430,1307
1134,1142,1141
542,1869,545
1140,1420,724
1076,1077,1075
1942,1965,1404
555,557,556
579,1803,578
523,524,522
506,508,507
1151,1153,1152
856,1109,859
987,1095,1028
868,1398,866
557,559,558
881,1898,1102
778,780,779
901,1143,946
1544,1926,1336
864,1816,533
1200,1201,1198
1155,1157,1156
918,919,863
1137,1974,593
510,567,566
1041,1044,1042
578,1803,854
1690,1909,989
1044,1046,1045
605,606,603
765,776,775
1287,2035,1415
2025,2051,1207
1095,1687,1280
513,1750,1128
1987,2035,1867
527,528,526
659,660,658
819,1977,1241
1718,1898,879
1390,1749,1012
1441,1807,1103
614,615,612
1193,1194,1190
1046,1048,1047
776,824,823
1157,1159,1158
559,561,560
1021,1022,1020
1207,2047,2025
672,673,668
533,534,532
686,737,685
531,532,530
569,571,570
667,668,666
472,473,471
1202,1203,1201
850,1759,653
622,623,615
1513,1514,1466
1752,1755,1754
575,579,578
738,739,737
1279,1900,1741
1159,1161,1160
2012,2016,2015
561,563,562
884,885,882
784,786,785
880,1403,878
573,575,574
1802,2083,2063
695,1910,1781
2025,2047,1868
493,1873,1136
1364,1366,1365
1023,1024,1022
1161,1163,1162
947,1106,852
824,907,906
1337,1338,1203
786,788,787
474,475,473
740,741,739
841,1885,725
1109,1698,1110
628,1137,593
1048,1050,1049
858,1910,855
461,1115,458
684,685,649
537,538,536
1243,1822,904
1163,1165,1164
539,540,538
563,565,564
630,631,623
1177,2025,993
2169,2176,1753
493,495,494
1165,1170,1169
465,471,463
788,1858,787
877,2005,681
1102,1898,1731
819,1241,949
1105,1716,1464
742,745,741
581,583,582
541,542,540
565,587,586
2008,2046,1218
994,1178,1177
646,647,631
615,2002,612
583,585,584
1111,1969,820
1466,1929,1854
679,680,678
1050,1052,1051
1271,1272,1270
909,911,910
677,678,676
773,833,745
495,497,496
466,995,468
587,601,600
872,1905,987
1273,1274,1272
915,994,993
1151,1880,1154
905,1819,645
480,481,479
606,1883,603
1043,1762,909
1073,1885,841
585,590,589
1086,1529,1528
641,2125,1756
470,493,492
650,662,661
1025,1026,1024
497,499,498
1415,1416,1288
1287,1288,1286
797,799,798
597,2005,595
662,692,691
482,483,481
953,955,954
689,690,680
1170,1172,1171
1007,1240,1006
799,801,800
1140,1884,1421
484,485,483
692,807,806
541,1869,542
456,650,459
1543,1544,1336
941,942,885
1252,1253,1240
955,957,956
478,479,476
590,596,595
972,973,971
874,1402,876
1366,1368,1367
1172,1291,1290
1052,1054,1053
651,652,647
547,548,546
660,2038,667
1182,1184,1183
1333,1334,1253
1180,1182,1181
549,550,548
960,1006,834
670,671,654
957,1005,1002
545,546,544
943,944,942
486,487,485
1184,1186,1185
499,501,500
596,598,597
897,1893,894
1145,1146,1144
838,1841,809
1493,1494,1492
528,2007,531
834,1863,833
1186,1188,1187
801,803,802
1143,1144,946
1107,1129,1106
1495,1496,1494
974,988,973
1293,1295,1294
899,903,897
894,1412,892
1006,1863,834
950,951,944
1062,1063,1026
809,811,810
601,619,618
516,518,517
1155,1156,1153
682,2046,2008
1265,1775,964
1147,1148,1146
1238,1740,1707
964,966,965
598,603,602
551,552,550
1820,1842,1819
1214,1910,858
1188,1190,1189
621,625,624
911,913,912
501,512,511
1130,1131,1129
1054,1100,1099
489,490,487
1037,1038,951
722,724,723
1297,1299,1298
790,1872,1234
803,844,843
1149,1150,1148
1497,1498,1496
699,722,701
1132,1133,1131
1385,1831,1384
520,522,521
1234,1427,1235
1151,1152,1150
811,1899,891
736,770,769
454,456,455
1345,1346,1344
755,756,754
553,554,552
753,754,752
505,506,504
1230,1690,989
987,1905,1096
744,828,743
1139,1689,1393
829,997,828
1072,1073,841
719,736,721
1100,1382,1381
1384,1686,1386
772,831,734
1193,1195,1194
1802,2063,2029
633,635,634
1000,1426,999
790,1234,958
1210,1429,1376
1039,1040,1038
1301,1303,1302
605,607,606
1195,1197,1196
555,556,554
832,999,831
524,526,525
1524,1688,1379
1135,1387,871
458,1994,455
757,758,756
716,743,714
891,1139,1138
732,734,730
687,688,671
711,1916,1206
607,609,608
686,738,737
684,686,685
1066,1067,1065
886,1405,888
1197,1200,1198
1925,2007,1747
1347,1348,1346
1157,1158,1156
1462,1477,1476
509,510,508
557,558,556
1134,1141,1133
1305,1307,1306
1810,1811,629
738,740,739
706,707,705
465,472,471
528,530,529
609,611,610
1745,1969,1111
879,1898,881
2020,2038,1726
1241,1244,949
466,1915,995
891,1899,1139
1349,1350,1348
472,474,473
1041,1042,1040
568,569,567
830,1889,1010
890,972,971
1013,1462,1461
1010,1332,1331
1159,1160,1158
559,560,558
637,639,638
740,742,741
1418,2185,2176
603,1883,602
856,1957,1109
851,1900,925
1338,1341,1340
1142,1697,1141
966,968,967
1044,1045,1042
1200,1202,1201
768,822,821
1803,1957,854
1010,1889,1332
866,1865,864
711,1206,713
1314,1315,1313
921,1391,990
1094,1411,926
474,476,475
1161,1162,1160
493,494,492
495,496,494
742,773,745
715,768,767
759,760,758
572,573,571
903,1893,897
822,1003,938
534,536,535
516,517,514
1861,1911,1137
919,921,920
773,834,833
1516,1517,1057
611,614,612
1046,1047,1045
996,2158,1711
962,1119,924
561,562,560
1003,1239,1004
1239,1435,1434
809,810,807
1163,1164,1162
497,498,496
844,1879,843
1202,1337,1203
1165,1169,1164
696,1925,865
729,733,731
1351,1352,1350
1412,1947,892
930,932,931
761,762,760
478,480,479
499,500,498
932,934,933
847,848,794
1007,1252,1240
793,794,700
733,1246,766
960,1007,1006
855,1910,695
1068,1069,1067
61,320,62
656,658,657
1417,1418,991
815,816,720
480,482,481
563,564,562
65,330,66
1420,1872,724
727,1895,729
1048,1049,1047
520,521,518
1326,1665,1540
482,484,483
56,329,57
1293,1294,1291
650,661,459
952,953,848
1252,1333,1253
580,581,579
52,333,53
1102,1731,1104
914,915,816
69,335,70
614,622,615
1127,1841,838
618,2217,1768
1333,1489,1334
880,1965,1403
1170,1171,1169
662,691,661
885,1965,882
692,806,691
777,778,750
490,505,504
565,586,564
1179,1180,1178
940,1019,1018
2016,2017,2015
48,334,49
708,1987,1867
64,448,65
763,764,762
484,486,485
959,1284,1283
898,901,900
74,336,75
512,697,511
587,600,586
1337,1875,1338
1284,1520,1519
501,511,500
524,525,522
1388,1839,1838
1156,1935,1153
1142,1890,1697
63,401,64
542,544,543
934,936,935
1884,2079,1421
791,1414,976
1279,1741,1468
51,1555,52
54,402,55
67,400,68
45,342,46
984,1030,1029
871,1905,872
1122,1854,1120
729,1895,733
660,666,665
77,343,78
621,624,619
486,489,487
622,630,623
1050,1051,1049
901,946,945
59,399,60
893,896,895
50,404,51
1172,1290,1171
1789,2074,1791
722,723,701
47,1556,48
724,790,723
73,1559,74
747,748,707
1394,1701,1699
1439,1523,1199
40,345,41
1297,1298,1295
1427,1428,1235
506,509,508
1338,1875,1341
528,529,526
652,670,654
974,989,988
972,974,973
1387,1905,871
80,344,81
726,2031,1964
1964,2031,1211
1234,1235,958
744,829,828
71,403,72
843,1879,1086
1429,1526,1376
716,744,743
693,2020,1121
601,618,600
770,792,769
1301,1302,1299
869,1135,871
477,1211,488
633,634,625
630,646,631
861,1214,858
510,568,567
1250,1251,1249
736,769,721
83,347,84
1013,1980,1462
1211,1410,1409
1353,1354,1352
320,1626,62
1875,1876,1341
850,1995,1759
457,458,455
1052,1053,1051
534,535,532
832,1000,999
1596,1597,1595
476,1892,475
1921,1922,1011
732,772,734
936,939,937
772,832,831
1218,1220,1219
811,891,810
569,572,571
329,1550,57
43,405,44
330,1649,66
683,819,818
724,1872,790
333,1553,53
836,1061,1060
86,351,87
35,352,36
987,1096,1095
1106,1995,852
1477,1506,1476
1061,1286,1285
1139,1393,1138
765,775,764
717,1943,1850
819,949,948
1845,1918,728
1848,1930,712
1109,1957,1714
402,1562,55
683,684,649
1355,1356,1354
648,649,628
1305,1306,1303
399,1571,60
400,1563,68
646,651,647
948,1205,818
1462,1476,1461
475,1892,886
673,676,675
592,593,491
1797,2124,1233
1054,1099,1053
1094,1471,1411
955,1011,957
627,628,593
783,784,782
1685,1831,1385
1785,2083,1226
530,711,529
768,821,767
1938,1939,1936
789,1218,1213
822,938,821
919,920,863
830,1940,1889
1384,1386,1382
1715,1762,1043
1135,1400,1387
469,1208,467
994,1179,1178
32,360,33
89,359,90
460,461,458
50,1627,404
575,580,579
1398,1865,866
71,1648,403
909,910,907
1416,1492,1491
637,638,635
1086,1879,1529
342,1566,46
1316,1440,945
1003,1004,938
462,466,464
1192,1193,1190
489,1918,490
888,1894,890
627,664,648
38,406,39
1903,1904,1087
1239,1434,1004
1434,1457,1004
542,543,540
462,463,461
468,470,469
1413,2191,2184
1291,1881,1290
34,1580,35
1072,1310,1073
466,468,467
470,492,491
1146,1277,1144
847,1078,952
703,706,705
793,847,794
403,1629,72
464,465,463
512,1896,697
460,1915,462
959,960,834
847,952,848
343,1568,78
938,981,821
1094,1472,1471
514,1896,512
776,823,775
572,709,573
820,1969,779
733,766,731
854,1957,856
400,1565,1564
536,577,535
1034,1036,1035
711,712,529
1428,1512,1235
345,1573,41
505,1888,506
697,698,511
900,902,899
456,459,457
1153,1935,1152
1244,1902,1901
744,830,829
1409,1708,488
477,478,476
1391,1392,990
1885,1986,725
697,699,698
1150,1173,1148
790,926,723
604,605,603
898,899,897
1847,1975,1846
686,839,738
1850,2077,1176
1100,1381,1099
1078,1547,1289
1284,1519,1283
824,906,823
550,576,548
815,914,816
1401,1695,640
583,613,585
405,1579,44
1760,2094,1231
656,657,639
699,701,700
810,1952,807
886,1892,1405
740,825,742
1192,1907,1906
1007,1259,1252
93,361,94
28,362,29
1179,1438,1199
773,959,834
790,958,926
830,975,829
1124,1314,1313
882,1965,880
1010,1330,975
572,717,709
1295,1946,1294
456,457,455
1843,2078,1845
832,1013,1000
498,599,496
509,1891,510
1322,1897,1324
901,945,900
670,687,671
1949,1950,1173
1404,1965,885
921,990,920
591,892,543
815,977,914
1167,1937,1936
1921,1923,1922
713,714,712
1109,1714,1698
526,1930,525
715,716,714
1184,1191,1186
914,1055,915
1307,1326,1306
1167,1935,1156
946,1316,945
580,1207,710
830,1010,975
1357,1358,1356
1010,1331,1330
1526,1527,1376
1411,1927,926
895,897,894
347,1576,84
732,817,772
792,1209,769
1405,1894,888
1321,1322,1320
893,894,892
580,710,581
958,1094,926
474,477,476
482,502,484
91,409,92
30,407,31
1434,1510,1457
1317,1318,1251
1179,1199,1180
1013,1088,1000
1206,1917,713
92,1586,93
29,1651,30
711,713,712
792,1210,1209
713,715,714
715,767,716
715,1917,768
490,1918,505
1158,1167,1156
544,591,543
952,1958,953
27,1588,28
1416,2064,1493
517,1896,514
1461,1482,1088
1210,1376,1375
942,1404,885
1439,1668,1523
465,726,472
898,900,899
1188,1192,1190
890,1894,972
959,1283,960
26,410,27
95,408,96
699,700,698
1379,1890,1142
1078,1289,952
1013,1461,1088
486,727,489
660,665,658
949,1087,948
717,719,718
819,948,818
1502,1775,1265
568,1943,569
604,1217,640
701,793,700
719,721,720
807,1952,806
648,683,649
1410,1711,1409
683,818,684
1193,1454,1195
727,728,489
627,648,628
1211,1409,488
1316,1458,1440
731,732,730
1162,1166,1160
729,730,728
690,752,751
352,1581,36
691,826,661
1244,1901,949
964,965,913
506,1888,509
25,1602,26
989,1909,988
1229,1230,989
891,991,810
1019,1021,1020
895,898,897
529,1930,526
556,588,554
1135,1747,1400
23,366,24
98,365,99
1210,1375,1209
492,592,491
590,735,596
470,491,469
457,460,458
592,627,593
796,797,788
468,469,467
974,1229,989
717,718,709
951,1101,944
957,1924,1005
460,462,461
462,464,463
891,1138,991
748,777,750
1169,1329,1164
477,488,478
24,1652,25
719,720,718
721,815,720
729,731,730
510,1891,568
360,1583,33
598,604,603
1036,1075,1074
990,1108,920
466,467,464
1706,1745,1111
727,1976,1895
893,895,894
1197,1467,1200
727,729,728
988,1909,1388
1290,1504,1171
1516,1650,1517
1294,1881,1291
1359,1360,1358
591,893,892
1294,1882,1881
562,617,560
1224,1225,982
1438,1439,1199
320,1658,1626
1138,1417,991
1937,1938,1936
1314,1397,1315
1040,1232,1038
569,1943,572
1115,1994,458
2171,2177,792
1021,1023,1022
20,379,21
101,378,102
1206,2036,1857
1462,1966,1477
1229,1408,1230
359,1582,90
1416,1491,1288
1361,1363,1360
600,642,586
673,675,668
1202,1505,1337
1326,1534,1306
959,1961,1284
462,1915,466
852,1995,850
1907,1908,1906
953,1920,955
1298,1946,1295
400,1564,1563
1205,1944,818
532,1916,530
1192,1906,1193
1710,1995,1106
609,644,611
1129,1710,1106
407,1598,31
1104,1912,1394
329,1551,1550
666,708,665
706,747,707
1459,1460,986
1466,1854,1122
911,912,910
1133,1399,1131
1047,1098,1045
530,1916,711
1061,1285,1060
865,1925,869
1821,2029,698
898,1954,901
1144,1931,946
708,725,665
1875,1877,1876
1268,1270,1269
678,771,676
605,1914,607
361,1584,94
1063,1066,1065
1627,1628,404
1220,1436,1219
1286,1674,1285
663,2002,615
604,640,605
915,1928,994
960,1913,1007
1023,1025,1024
652,1997,670
1495,2112,1497
684,1944,686
105,380,106
16,381,17
1326,1540,1534
1688,1890,1379
1072,1490,1310
1915,2026,1874
991,1952,810
1060,1072,841
591,2106,1827
1432,1433,1368
1218,1219,1213
1436,1449,1219
836,841,725
780,783,782
896,1954,895
342,1567,1566
1922,1924,1011
681,2005,597
949,1901,1087
658,1986,657
1053,1097,1051
863,1933,861
1217,1401,640
1388,1909,1839
1225,2023,982
1381,1693,1099
2013,2014,2011
1364,1365,1363
1152,1948,1150
478,1919,480
1289,1958,952
622,682,630
728,1918,489
1440,1963,1962
712,1930,529
108,390,109
13,391,14
1418,1952,991
777,846,778
408,1599,96
1148,1953,1146
573,1934,575
103,412,104
18,411,19
1413,2184,1919
456,2096,650
1722,2082,1691
946,1931,1316
1731,1912,1104
789,1212,651
984,1029,968
535,1916,532
690,751,680
713,1917,715
723,1927,701
531,2007,696
540,1947,538
1901,1903,1087
1055,1928,915
1213,1227,1212
345,1574,1573
709,1934,573
966,967,965
651,1997,652
1011,1924,957
646,789,651
738,1955,740
929,930,844
1283,1913,960
11,414,12
110,413,111
2012,2015,2013
365,1609,99
955,1920,1011
1235,1941,958
1025,1062,1026
818,1944,684
1972,1973,981
716,1940,744
708,836,725
1193,1906,1454
836,1060,841
477,1964,1211
1394,1912,1701
1167,1936,1935
572,1943,717
1920,1921,1011
1186,1960,1188
754,813,752
1743,2137,1392
1366,1367,1365
1478,1518,1084
774,814,687
1314,1726,1397
670,774,687
953,1958,1920
1094,1941,1472
472,1964,474
742,1961,773
916,1057,814
786,796,788
1939,1985,1936
1260,1516,1057
869,1925,1135
701,1927,793
958,1941,1094
1294,1946,1882
10,1640,11
767,1940,716
1708,1919,488
1289,1959,1958
706,791,747
769,1945,721
709,2047,1934
777,1215,846
665,1986,658
789,1213,1212
1904,1970,1087
977,1993,1991
1950,1953,1173
1277,1931,1144
113,415,114
8,416,9
939,1926,940
994,1928,1179
488,1919,478
758,812,756
783,922,784
948,1970,1205
683,1977,819
116,394,117
5,395,6
1007,1913,1259
1263,1681,1325
1195,1978,1197
747,2019,748
900,1962,902
575,1934,580
1512,1941,1235
1695,1914,640
861,1933,1214
686,1944,839
1277,1932,1931
774,916,814
916,1260,1057
1868,2047,718
812,2012,2011
926,1927,723
1274,1344,1343
1252,1967,1333
118,419,119
744,1940,830
1160,1971,1158
3,418,4
120,396,0
1034,1035,1032
1440,1962,945
789,2008,1218
815,1945,977
7,1638,8
2144,2162,827
1215,1264,1216
378,1610,102
791,976,849
593,1974,491
783,1221,922
895,1954,898
920,1933,863
1146,1953,1277
1221,1263,1222
976,1309,1092
1309,1645,1644
469,1974,1208
117,1622,118
1704,2213,766
664,1977,648
1309,1644,1092
791,849,747
796,1223,982
721,1945,815
976,1092,849
0,1663,2
1150,1948,1173
1223,1437,1224
1457,1972,1004
119,1624,120
2,1623,3
1259,1968,1967
1173,1953,1148
543,1947,540
1071,1250,1249
1208,1983,467
640,1914,605
596,1979,598
938,1972,981
839,1955,738
464,1983,465
740,1955,825
688,2022,703
2127,2135,594
1179,1928,1438
910,2027,907
1164,1981,1162
380,1613,106
484,1976,486
465,1983,726
1121,2020,1124
1177,2051,2025
799,840,801
773,1961,959
945,1962,900
1264,1455,1216
825,1961,742
1288,1984,1286
1215,1216,846
791,2022,1414
1209,1945,769
1259,1967,1252
1004,1972,938
1948,1949,1173
796,982,797
1228,1479,1478
580,1934,1207
892,1947,543
1055,2053,1928
772,1980,832
1192,1960,1907
764,837,762
929,1228,1084
1200,1988,1202
460,2026,1915
1087,1970,948
474,1964,477
1681,1682,1325
726,1964,472
1066,1068,1067
670,1997,774
1263,1325,1222
832,1980,1013
1191,1960,1186
1030,1090,1029
803,929,844
817,1980,772
668,1987,666
1188,1960,1192
648,1977,683
1171,1989,1169
977,1991,914
2015,2018,2013
459,2026,457
502,1976,484
491,1974,469
1336,1926,939
1459,1475,1460
1135,1925,1747
414,1617,12
906,1257,986
1221,1222,922
1158,1971,1167
1068,1487,1069
1935,1985,1152
667,2038,693
1131,1996,1129
1454,1978,1195
1991,1992,1055
1286,1984,1674
2012,2013,2011
1166,1971,1160
993,2025,1868
486,1976,727
698,2029,511
1437,1442,1224
467,1983,464
703,2022,706
1318,1321,1320
666,1987,708
1981,1982,1166
511,2029,500
1335,1336,939
1162,1981,1166
1096,2045,1095
1387,2039,1905
914,1991,1055
1905,2039,1096
1088,2187,2180
1857,2041,1856
965,2030,913
725,1986,665
932,1027,934
748,2019,777
1062,2009,1063
1197,1978,1467
1268,1269,1077
1223,1224,982
907,2027,906
1329,1981,1164
604,1979,1217
1989,1990,1329
1108,1933,920
1936,1985,1935
1934,2047,1207
1152,1985,1948
517,2079,1884
457,2026,460
598,1979,604
2035,2099,1415
1167,1971,1937
536,2058,577
1095,2045,1687
1169,1989,1329
906,986,823
735,1979,596
415,1618,114
1916,2036,1206
1515,1543,1336
1467,1988,1200
1504,1989,1171
518,2079,517
1124,2020,1314
395,1621,6
2003,2004,1227
1036,1074,1035
912,1081,1080
929,1084,930
981,2052,821
778,1998,780
1202,1988,1505
1491,1984,1288
912,1080,910
1212,1997,651
847,2054,1078
1250,1317,1251
1368,1886,1367
913,2030,912
1836,2095,1894
1081,1536,1535
1945,2060,977
849,2019,747
936,1335,939
675,1987,668
1072,2001,1490
1928,2053,1438
595,2131,589
1412,2058,1947
1228,1478,1084
1211,2031,1410
1075,1079,1074
944,2050,942
846,1998,778
1209,2060,1945
1257,1459,986
1274,1343,1272
1867,2035,1287
2011,2080,2010
1847,2105,1975
942,2050,1404
1518,2034,1084
940,1926,1019
1060,2001,1072
1940,2052,1889
967,1258,965
1101,2050,944
968,2040,967
415,1660,1619
1129,1996,1710
535,2036,1916
498,2063,599
1081,1535,1080
577,2036,535
1399,1996,1131
967,1311,1258
756,2010,754
1029,2040,968
630,2008,646
1090,1451,1029
1224,2024,1225
1847,2134,2105
784,2006,786
767,2052,1940
2010,2080,813
2054,2092,1078
1321,1456,1322
1285,2001,1060
1411,2054,1927
1021,1058,1023
1456,1897,1322
1213,2003,1227
1275,1643,1269
706,2022,791
1270,1275,1269
1346,1463,1344
1927,2054,793
1074,1254,1035
760,2021,758
922,2006,784
1080,2027,910
1981,2065,1982
1449,2003,1219
1335,1515,1336
710,2085,581
777,2019,1215
846,2093,1998
1947,2058,538
1219,2003,1213
1218,2046,1220
1350,1370,1348
1508,1509,1062
797,2023,799
1090,1680,1451
1460,2042,986
538,2058,536
682,2008,630
780,1998,783
1025,1508,1062
646,2008,789
821,2052,767
1063,2009,1066
507,2082,504
718,2047,709
583,2085,613
1317,2057,1318
1314,2020,1726
1329,2065,1981
500,2063,498
380,1673,1613
1032,2061,1030
814,2108,2086
982,2023,797
1918,2078,505
1068,1488,1487
793,2054,847
568,2077,1943
525,2105,522
977,2060,1993
812,2021,2012
1356,1362,1354
754,2010,813
1790,2074,1789
1258,2030,965
485,2127,483
801,2028,803
2029,2063,500
1133,2072,1399
1250,1452,1317
812,2010,756
1517,2108,1057
1344,1999,1343
981,2101,2052
812,2011,2010
786,2006,796
1030,2061,1090
1433,1886,1368
930,2034,932
922,2100,2006
676,2099,675
1415,2064,1416
906,2027,1257
1141,2072,1133
1992,2053,1055
2021,2087,2016
1363,1369,1360
783,1998,1221
758,2021,812
2061,2109,1090
1487,2073,1069
1452,1538,1317
1975,2105,525
1452,1647,1538
544,2106,591
775,2032,764
1442,2024,1224
1375,2060,1209
688,2086,2022
1886,1887,1367
1509,2009,1062
1069,2073,1071
624,2220,1766
796,2006,1223
1411,2092,2054
934,2043,936
1166,2089,1971
799,2023,840
1844,2159,2151
415,1619,1618
974,2095,1229
1237,2153,1798
1451,2040,1029
1084,2034,930
1844,2151,1888
1894,2095,972
2129,2147,1309
1226,2083,1802
1077,2037,1075
823,2042,775
1035,2061,1032
975,2181,2168
2022,2086,1414
1318,2057,1321
1998,2093,1221
912,2030,1081
1990,2065,1329
1227,2084,1212
581,2085,583
814,2086,687
1943,2077,1850
840,2028,801
1075,2037,1079
1891,2077,568
764,2032,837
678,2098,771
576,2111,548
929,2028,1228
803,2028,929
505,2078,1888
1814,2165,1808
566,2145,508
2032,2033,837
675,2099,2035
1971,2089,1937
849,2091,2019
599,2114,496
1272,2048,1270
521,2079,518
1982,2090,2089
2048,2049,1275
932,2034,1027
1845,2078,1918
1463,1999,1344
751,2098,680
1911,2102,1208
967,2040,1311
1997,2084,774
2052,2101,1889
1258,2103,2030
826,2113,661
1352,2055,1350
1214,2107,1782
1078,2092,1547
1071,2073,1250
613,2116,585
1108,2137,1784
762,2087,760
2086,2108,1414
1027,2043,934
687,2086,688
837,2087,762
2019,2091,1215
2095,2135,1229
2006,2100,1223
902,2186,2179
1231,2094,1818
986,2042,823
1212,2084,1997
590,2116,735
1270,2048,1275
951,2115,1101
2137,2145,1784
2037,2121,1079
1027,2044,2043
1232,2115,1038
459,2113,2026
936,2043,1335
650,2096,842
1463,2000,1999
2030,2103,1081
1973,2101,981
1408,2135,2127
1348,2059,1346
2014,2080,2011
1269,2037,1077
492,2126,592
1893,2136,1412
739,2144,737
1538,2057,1317
680,2098,678
774,2084,916
1215,2091,1264
760,2087,2021
1354,2066,1352
1471,2092,1411
972,2095,974
1544,2067,1926
1019,2067,1021
1982,2089,1166
1023,2062,1025
1697,2097,1141
1254,2061,1035
1092,2091,849
775,2042,2032
1254,2109,2061
1194,2143,1190
1358,2068,1356
1343,2048,1272
1141,2097,2072
1643,2037,1269
1216,2093,846
546,2106,544
522,2105,521
1893,2161,2136
1941,2088,1472
1221,2093,1263
1889,2101,1332
1512,2088,1941
1058,2062,1023
1227,2120,2084
1350,2055,1370
771,2099,676
1079,2076,2075
1021,2067,1058
1346,2059,1463
1223,2100,1437
1711,2162,2144
1926,2067,1019
1250,2073,1452
1709,2112,1495
1025,2062,1508
1370,2059,1348
1074,2075,1254
1222,2100,922
548,2111,546
1079,2075,1074
2055,2056,1370
2103,2104,1536
2004,2120,1227
1643,2121,2037
2026,2113,1874
1983,2102,726
496,2114,494
726,2102,2031
976,2129,1309
1362,2066,1354
661,2113,459
1356,2068,1362
1826,2117,1824
594,2135,1836
1081,2103,1536
546,2111,2106
550,2138,576
2084,2120,916
1847,2155,2134
1038,2115,951
1066,2081,1068
1518,2118,2034
1208,2102,1983
585,2116,590
2068,2069,1362
1068,2081,1488
1836,2135,2095
990,2137,1108
1057,2108,814
2112,2170,1497
1234,2163,1427
2009,2081,1066
2126,2173,592
1352,2066,2055
2034,2118,1027
1792,2125,641
1517,2147,2129
1216,2122,2093
1040,2141,1232
1233,2124,1761
2109,2110,1680
1933,2107,1214
1830,2188,1829
2118,2119,2044
588,2146,554
1797,2190,2124
2176,2185,1753
1090,2109,1680
2093,2122,1263
826,2169,1754
634,2221,1764
1108,2107,1933
916,2120,1260
2016,2139,2017
483,2127,594
1911,2142,2102
1888,2151,509
837,2139,2087
1426,2166,999
2114,2126,494
1793,2182,1794
1417,2198,1859
1263,2122,1681
494,2126,492
1855,2172,1419
1222,2128,2100
2079,2134,1421
2100,2128,1437
1098,2150,1045
589,2131,643
1027,2118,2044
1497,2202,1498
1455,2122,1216
1711,2158,1409
2105,2134,521
2132,2133,2033
2102,2142,2031
2134,2155,1421
1424,2183,1425
770,2171,792
2151,2159,1423
1751,2185,1128
1079,2121,2076
827,2162,1861
1325,2128,1222
1414,2129,976
1517,2129,2108
556,2167,588
1210,2177,1429
975,2168,829
752,2170,751
691,2169,826
2060,2123,1993
1245,2191,1242
1426,2177,2171
2087,2139,2016
627,2173,664
1460,2132,2042
1375,2123,2060
2139,2156,2017
2058,2136,577
1861,2142,1911
2042,2132,2032
1229,2135,1408
2032,2132,2033
1189,2208,1797
1973,2149,2148
902,2179,899
1239,2186,1435
1811,2196,1812
617,2175,560
1914,2174,607
609,2174,644
2136,2161,2041
552,2138,550
1088,2180,1000
1392,2137,990
577,2136,2041
1047,2178,1098
1787,2173,2126
1042,2141,1040
2168,2181,1427
1784,2145,566
638,2223,1702
737,2144,827
482,2184,502
2180,2187,1429
1190,2143,1189
521,2134,2079
1424,2194,2183
1421,2155,1420
1451,2130,2040
1650,2147,1517
1412,2136,2058
1919,2184,480
1861,2162,2142
1874,2154,1806
2040,2130,1311
2108,2129,1414
2173,2183,664
2155,2160,1420
554,2146,552
751,2170,2112
826,2154,2113
2033,2139,837
552,2146,2138
1418,2176,1952
2133,2157,2156
1097,2189,1051
1772,2209,1771
903,2161,1893
1977,2194,1241
1407,2153,1237
1045,2150,1042
2031,2142,1410
1042,2150,2141
2160,2163,1872
1309,2147,1645
509,2151,1891
1194,2152,2143
903,2172,2161
2033,2156,2139
2092,2140,1547
644,2195,611
2142,2162,1410
998,2155,1847
1420,2160,1872
1138,2198,1417
1963,2192,1962
2179,2186,1419
562,2197,617
1471,2140,2092
998,2160,2155
620,2210,621
1240,2206,1006
1423,2159,1422
2194,2201,1241
1409,2158,1708
1891,2151,1423
1797,2208,2190
2213,2222,817
1758,2165,1814
2159,2166,1422
1246,2219,2206
1001,2159,1844
2172,2179,1419
997,2163,2160
2202,2211,1498
622,2200,682
997,2160,998
1001,2166,2159
2113,2154,1874
1973,2148,2101
1885,2230,2225
1246,2207,766
735,2190,1979
642,2203,586
1872,2163,1234
1410,2162,1711
829,2168,997
2163,2168,1427
999,2166,1001
2101,2148,1332
2133,2156,2033
558,2167,556
2170,2202,1497
1693,2205,1099
1053,2205,1097
2161,2172,1856
502,2199,1976
1241,2201,1244
806,2169,691
2041,2161,1856
1422,2171,770
1426,2171,2166
1856,2172,1855
1417,2193,1418
1427,2181,1428
813,2170,752
558,2175,2167
607,2174,609
732,2213,817
592,2173,627
766,2213,731
2124,2190,735
560,2175,558
806,2176,2169
2201,2204,1244
1244,2204,1902
1952,2176,806
2004,2164,2120
2186,2192,1435
792,2177,1210
1382,2215,1381
1794,2182,1795
1049,2178,1047
2177,2180,1429
899,2179,903
1000,2180,1426
600,2214,642
1800,2188,1830
1330,2181,975
1425,2183,1787
1787,2183,2173
2120,2164,1260
1753,2185,1751
733,2218,1246
480,2184,482
1419,2186,1239
619,2217,618
1429,2187,1526
1863,2219,1008
1482,2187,1088
1049,2189,2178
1242,2191,1413
2185,2193,1128
1051,2189,1049
2183,2194,664
2204,2212,1902
1245,2199,2191
1979,2190,1217
1962,2192,902
1424,2201,2194
997,2168,2163
625,2220,624
664,2194,1977
903,2179,2172
611,2195,614
2166,2171,1422
1810,2196,1811
813,2202,2170
2200,2227,682
564,2197,562
1393,2198,1138
635,2221,634
2195,2200,614
614,2200,622
1976,2199,1895
2191,2199,502
1005,2201,1424
2190,2208,1217
1418,2193,2185
2218,2219,1246
564,2203,2197
1340,2227,1406
1426,2180,2177
586,2203,564
1005,2204,2201
639,2223,638
2080,2202,813
902,2192,2186
1924,2204,1005
1099,2205,1053
2206,2207,1246
1006,2206,1863
1245,2218,2199
1813,2210,620
1340,2228,2227
1240,2207,2206
1773,2209,1772
1704,2222,2213
1217,2208,1401
1924,2212,2204
1885,2225,1986
2080,2211,2202
1341,2228,1340
2199,2218,1895
1922,2212,1924
731,2213,732
1341,2229,2228
2014,2211,2080
1334,2222,1704
1334,2224,2222
1876,2229,1341
618,2214,600
1386,2215,1382
1406,2227,2200
1489,2224,1334
624,2217,619
1895,2218,733
2225,2230,1431
1008,2219,1245
634,2220,625
2181,2216,1428
1245,2219,2218
1330,2216,2181
638,2221,635
817,2222,1966
2222,2224,1966
657,2223,639
2270,2501,346
657,2225,2223
1966,2224,1477
1986,2225,657
1431,2230,1430
682,2227,2046
2227,2228,2046
1963,2226,2192
2228,2229,1220
2046,2228,1220
1220,2229,1436
2192,2226,1435
1073,2230,1885
310,2450,1647
1432,2232,1433
2232,2233,1433
1324,2232,1374
1324,2233,2232
1897,2233,1324
2024,2234,1225
1607,2563,2472
1678,2308,1677
2003,2235,2004
1433,2236,1886
2323,2350,1734
1449,2235,2003
2475,2533,1611
1261,2384,1552
1582,2420,1641
2233,2236,1433
1949,2237,1950
1944,2240,839
1191,2242,1960
2316,2345,1264
2239,2241,1657
746,2244,1635
1615,2309,1679
1598,2549,1513
1445,2243,1313
2365,2372,2281
1608,2379,1606
1994,2244,453
2298,2331,1257
2148,2245,1332
1970,2239,1205
451,2244,746
414,2519,2352
1641,2494,1587
1277,2248,1932
1950,2248,1953
345,2295,1574
2235,2544,2275
351,2340,2247
1115,2250,1994
411,2445,1503
1700,2421,1554
2239,2240,1205
1280,2457,1373
2104,2377,1536
1660,2439,1483
1667,2357,1310
1205,2240,1944
1959,2252,1958
1920,2252,1921
111,2358,112
887,2253,905
1009,2253,889
1903,2365,327
2308,2321,1298
344,2363,81
2245,2246,1331
1960,2242,1907
1646,2316,1644
1632,2435,835
2109,2257,2110
2075,2257,1254
1646,2345,2316
1554,2421,402
1365,2259,1363
2268,2296,1509
1428,2260,1512
321,2542,2287
1313,2243,1312
87,2247,88
1479,2320,1481
2081,2465,384
327,2365,2281
1948,2290,1949
1939,2290,1985
1255,2291,1441
408,2330,1599
1570,2506,344
453,2244,451
5,2368,395
418,2368,4
842,2294,1804
1125,2294,1443
1565,2429,1564
1533,2295,2292
1332,2245,1331
2489,2550,1521
10,2369,1640
416,2369,9
2071,2360,121
1546,2247,1372
1580,2546,2243
1335,2297,1515
2044,2297,2043
356,2261,1674
1535,2298,1080
2027,2298,1257
1490,2485,2266
1953,2248,1277
1367,2300,1365
1679,2309,1024
75,2249,76
2000,2462,1999
1820,2250,1115
2013,2302,2014
2103,2303,2104
1311,2303,1258
359,2536,2420
905,2305,1820
353,2375,1878
2411,2431,347
1024,2309,1022
1498,2251,1496
1601,2515,365
1913,2311,1259
1635,2305,1661
1993,2314,1991
2014,2310,2211
1644,2316,1092
2091,2316,1264
289,2254,372
290,2254,289
378,2527,1612
1958,2252,1920
207,2553,2246
153,2512,2157
1359,2317,1371
1262,2318,1703
445,2376,2241
1501,2418,2304
1377,2319,1349
889,2253,887
1228,2320,1479
840,2320,2028
424,2315,2262
983,2323,1734
1502,2323,1775
2241,2443,1657
2326,2525,1506
1540,2463,349
2023,2324,840
343,2318,1568
431,2510,1877
1537,2331,2298
2234,2324,1225
1481,2324,2234
1254,2257,2109
1058,2258,2062
430,2447,2375
1363,2259,1369
2149,2364,325
1477,2326,1506
1489,2326,2224
1475,2329,1460
2132,2329,2133
2216,2260,1428
1578,2390,2340
312,2265,392
385,2267,134
303,2268,382
141,2272,387
377,2273,143
372,2280,288
158,2262,367
368,2263,282
424,2262,159
281,2263,425
162,2264,358
427,2264,163
355,2282,274
354,2266,169
313,2265,312
168,2266,428
350,2269,263
134,2267,133
179,2271,348
348,2284,178
304,2268,303
260,2270,346
262,2269,434
434,2270,261
272,2283,369
341,2274,182
433,2271,180
181,2274,433
270,2275,430
369,2275,271
142,2272,141
143,2273,142
340,2276,248
249,2285,340
332,2277,243
199,2278,331
247,2276,437
328,2279,238
370,2286,251
242,2277,439
440,2278,200
321,2287,213
327,2281,223
237,2279,441
222,2281,447
216,2288,446
288,2280,287
159,2262,158
282,2263,281
163,2264,162
274,2282,273
169,2266,168
273,2283,272
263,2269,262
261,2270,260
180,2271,179
178,2284,177
182,2274,181
271,2275,270
248,2276,247
250,2285,249
243,2277,242
251,2286,250
200,2278,199
238,2279,237
213,2287,212
223,2281,222
217,2288,216
16,2409,381
1560,2476,1776
1266,2332,1715
1647,2422,388
1465,2495,1513
2236,2256,398
186,2289,185
83,2411,347
1492,2473,1491
185,2289,436
2262,2315,2310
1985,2290,1948
1499,2291,1255
1641,2420,1256
1093,2506,1570
1572,2548,1659
1503,2350,2323
1670,2293,1671
1881,2338,1290
1585,2330,408
432,2426,1678
384,2296,305
2455,2492,1447
39,2292,40
1330,2341,2216
2250,2305,1635
1804,2294,1125
203,2301,202
1498,2315,2251
2251,2315,424
1123,2346,1465
1597,2497,1929
1506,2374,1476
125,2306,124
2246,2341,1331
194,2307,338
438,2307,195
305,2296,304
1992,2513,2053
1082,2349,941
1904,2348,1970
2267,2547,2049
38,2433,406
1777,2488,1560
1283,2351,1913
1500,2352,1267
1353,2355,1507
1316,2354,1458
1932,2354,1931
421,2312,314
2043,2297,1335
2246,2454,207
264,2313,350
431,2313,265
2241,2348,445
112,2439,113
1650,2415,426
1310,2357,1073
1592,2356,1596
1080,2298,2027
2285,2314,340
435,2514,2293
2230,2357,1430
1319,2524,1639
100,2299,101
1107,2359,1130
1887,2300,1367
1632,2356,1591
381,2445,17
18,2445,411
1507,2362,1355
1973,2364,2149
1457,2364,1972
1901,2365,1903
1878,2447,1436
1669,2335,1672
1469,2519,1640
325,2301,203
1527,2366,1376
1375,2366,2123
2018,2302,2013
1258,2303,2103
19,2304,20
1653,2443,322
1877,2510,353
417,2306,125
1665,2367,1667
2247,2340,1372
2049,2469,2267
382,2325,302
1430,2367,1307
1326,2367,1665
130,2462,2000
1642,2516,1432
358,2327,161
160,2327,424
1282,2515,1446
1612,2527,1529
195,2307,194
142,2273,2272
2282,2283,273
250,2286,2285
1521,2550,443
1442,2343,2280
1668,2344,253
1999,2370,1343
2048,2370,2049
417,2505,2496
1022,2309,1085
371,2333,190
198,2334,197
379,2480,21
22,2482,23
2156,2371,2017
1259,2311,1968
1434,2373,1510
2226,2373,1435
308,2336,307
446,2504,1547
314,2312,313
1671,2335,1669
77,2486,343
105,2490,380
412,2490,104
2121,2385,2076
1474,2409,1539
969,2381,1724
1446,2381,1742
304,2296,2268
265,2313,264
1991,2314,1992
300,2342,386
1126,2384,1261
286,2343,363
2211,2315,1498
1092,2316,2091
328,2525,2326
2451,2452,1276
1674,2386,1285
1871,2388,980
1838,2388,1549
2164,2387,1260
2288,2405,1959
947,2390,1107
1357,2317,1359
1703,2318,1530
367,2347,157
1050,2391,1052
1325,2392,2128
2255,2351,1519
324,2351,2255
1583,2546,1580
1349,2319,1351
392,2484,2057
2130,2491,1311
2028,2320,1228
349,2456,1541
1473,2395,1723
375,2458,1537
1820,2305,2250
209,2353,323
444,2353,210
313,2312,2265
1571,2339,1572
1564,2322,1563
121,2360,1
1048,2401,1050
1730,2402,1500
1539,2402,1444
1959,2504,2288
128,2361,127
424,2327,2251
1775,2323,983
1673,2455,1085
1225,2324,2023
2461,2534,1727
1875,2414,1877
1505,2414,1337
1482,2517,2277
1715,2418,1342
1561,2476,1560
1640,2519,414
1681,2424,368
1560,2488,336
302,2325,301
2249,2486,76
2251,2378,1496
252,2344,370
1494,2419,1492
161,2327,160
1452,2422,1647
1487,2422,2073
2224,2326,1477
1643,2547,385
1526,2398,1527
377,2555,2104
2262,2310,367
1460,2329,2132
417,2496,2306
1328,2330,1327
241,2374,240
268,2375,353
430,2375,269
2122,2424,1681
253,2344,252
2128,2425,1437
2375,2447,1878
322,2376,228
227,2376,445
375,2377,146
1922,2427,2212
214,2380,321
446,2380,215
1257,2331,1459
297,2382,376
1525,2332,1266
188,2383,337
1746,2431,1378
950,2432,1091
1680,2520,387
322,2489,1653
135,2385,385
441,2403,1967
835,2435,755
757,2435,917
2410,2516,1642
1475,2434,2329
190,2333,189
331,2334,198
2261,2386,1674
183,2389,341
436,2389,184
2280,2343,287
415,2439,1660
1937,2441,1938
2090,2441,2089
2319,2355,1351
1449,2544,2235
2053,2444,1438
1527,2539,2366
2017,2446,2015
1654,2443,1653
1687,2448,1280
1261,2448,1127
388,2336,308
155,2394,364
2334,2406,197
420,2397,319
1458,2453,1440
1631,2524,1323
1085,2455,1020
1018,2455,1447
2260,2353,444
1357,2362,2317
2110,2520,1680
1903,2337,1904
245,2398,244
1290,2338,1504
412,2533,1542
1728,2461,1727
2233,2442,2236
2310,2315,2211
2277,2522,1482
1739,2466,1529
2336,2423,307
296,2404,295
326,2405,218
196,2406,438
1390,2470,1749
1372,2340,1278
381,2543,2350
1331,2341,1330
301,2342,300
150,2408,149
2104,2555,2377
1276,2452,1746
1450,2475,1725
387,2478,1680
287,2343,286
918,2476,1871
1439,2344,1668
1882,2474,1881
2361,2508,127
2302,2347,367
275,2415,355
426,2415,276
1321,2484,1456
226,2417,225
2332,2480,379
1436,2447,1449
1606,2379,1683
1683,2379,978
346,2501,1908
1264,2345,1455
1319,2487,1251
2088,2436,2287
1748,2413,1112
1312,2346,1123
1112,2494,1706
2062,2481,1508
2069,2496,1362
1929,2497,795
679,2497,689
1908,2501,1906
306,2423,384
1746,2452,2431
1678,2321,2308
1289,2504,1959
1807,2562,1082
1688,2506,1093
2055,2505,2056
1518,2561,2118
2056,2507,1370
1083,2559,970
1719,2556,1089
1680,2478,1451
434,2541,2502
157,2347,156
357,2479,1646
1476,2517,1461
176,2426,432
1989,2521,1990
1366,2523,1380
2187,2522,1526
1320,2524,1319
2049,2547,1275
2059,2530,1463
2277,2517,439
1468,2536,1546
1471,2542,2140
2295,2391,1574
1907,2514,1908
2239,2348,2241
941,2349,943
434,2502,2270
1432,2516,2232
151,2434,150
1628,2430,404
1732,2563,845
211,2436,444
139,2437,138
2363,2411,82
1734,2350,1733
1617,2545,391
1519,2351,1283
2325,2342,301
1267,2352,1729
325,2518,2149
210,2353,209
1351,2355,1353
1931,2354,1316
416,2461,2369
2236,2442,2256
357,2449,278
277,2449,426
392,2450,311
404,2430,1555
1591,2356,1592
174,2456,349
432,2456,175
1666,2467,429
147,2458,375
423,2458,148
1073,2357,2230
1970,2348,2239
2018,2347,2302
220,2459,219
1636,2531,1662
413,2358,111
131,2462,130
349,2463,173
172,2463,429
1614,2393,1615
1130,2359,1276
1,2360,420
1967,2403,1333
192,2464,191
170,2467,354
429,2467,171
386,2468,299
132,2469,389
1458,2406,2334
234,2471,324
393,2361,128
1355,2362,1357
81,2363,82
1972,2364,1973
1902,2365,1901
1249,2487,1660
279,2479,357
425,2479,280
419,2400,1624
2237,2464,192
2300,2397,420
1908,2500,346
217,2405,2288
229,2489,322
318,2493,317
1376,2366,1375
2340,2390,1278
1566,2509,1556
1634,2531,1636
1488,2423,2336
346,2500,259
258,2500,435
2341,2540,2216
201,2503,440
332,2522,2277
126,2508,417
353,2510,267
266,2510,431
337,2511,187
364,2512,154
1373,2421,1700
153,2560,152
193,2558,192
1647,2450,1538
144,2555,377
204,2518,325
442,2518,205
140,2520,139
208,2553,207
240,2525,239
383,2526,137
443,2550,231
363,2529,285
123,2537,397
246,2539,245
1377,2534,1638
2281,2372,447
1615,2393,2309
1902,2372,2365
192,2558,2237
1009,2531,1661
2018,2394,2347
394,2410,1622
1307,2367,1326
2284,2426,177
4,2368,5
2306,2496,2069
2329,2434,373
2322,2470,1390
2243,2546,1312
9,2369,10
2287,2436,212
2344,2444,370
348,2412,2284
2056,2508,2361
1343,2370,2048
1993,2460,2314
961,2532,1262
2334,2453,1458
355,2387,2282
2333,2383,189
1553,2396,1554
2157,2371,2156
1574,2498,1573
1333,2403,1489
2212,2372,1902
1435,2373,1434
1628,2562,2430
439,2374,241
269,2375,268
1639,2524,1631
2385,2526,2076
2301,2503,202
228,2376,227
146,2377,145
2267,2469,133
2246,2553,2341
1673,2492,2455
1496,2378,1494
978,2379,1716
2009,2465,2081
1988,2554,350
2366,2539,437
2306,2537,124
215,2380,214
1742,2381,969
298,2382,297
1662,2531,1009
2269,2554,2541
1585,2556,2330
1247,2391,2295
189,2383,188
1443,2384,1126
1660,2487,1619
1699,2396,1499
2337,2417,1904
136,2385,135
225,2417,2337
324,2471,2311
1510,2503,2301
2388,2499,1549
1584,2407,1585
1285,2386,2001
1439,2444,2344
1445,2477,2243
980,2388,1838
1260,2387,1516
2349,2432,943
2347,2394,156
186,2511,2289
1500,2545,2352
184,2389,183
1278,2390,947
2289,2511,2090
2004,2440,2164
1946,2412,1882
2069,2537,2306
1052,2391,1247
1682,2392,1325
2339,2548,1572
2269,2541,434
385,2547,2267
2235,2440,2004
2361,2507,2056
1453,2431,2411
156,2394,155
336,2488,2249
1723,2395,1448
207,2454,206
319,2397,318
369,2440,2235
382,2481,2325
2243,2477,352
2330,2556,1327
1600,2428,1601
2394,2446,364
244,2398,332
1490,2399,1310
2343,2425,363
1570,2532,1093
2265,2484,392
1281,2401,1048
1444,2402,1730
2409,2543,381
1587,2413,1586
428,2386,2261
1581,2477,1685
1459,2552,1475
1929,2538,1597
221,2483,220
1569,2438,1570
323,2540,2341
2429,2559,1083
2123,2460,1993
2314,2460,340
376,2404,296
218,2405,217
197,2406,196
1089,2407,1748
149,2408,423
15,2409,16
2402,2545,1500
82,2411,83
2352,2519,1729
1576,2452,2451
416,2534,2461
2350,2543,1733
1337,2414,1875
276,2415,275
1555,2430,2291
445,2417,226
1342,2418,1501
1256,2420,1705
206,2454,442
1662,2429,1565
2226,2528,2278
2264,2419,358
2325,2481,2258
402,2421,1562
2371,2512,364
1887,2397,2300
2341,2553,323
2073,2422,1452
307,2423,306
1447,2492,1542
2256,2442,421
2309,2393,1085
2419,2473,1492
2279,2403,441
1455,2424,2122
1437,2425,1442
177,2426,176
2359,2451,1276
2392,2529,363
1923,2427,1922
442,2454,2245
2257,2437,2110
368,2424,2263
1442,2425,2343
2291,2430,1441
2288,2504,446
1378,2431,1453
943,2432,950
1509,2465,2009
1685,2477,1445
37,2433,38
373,2434,151
1529,2527,1528
755,2435,757
1576,2451,1577
298,2468,2382
2053,2513,2444
1881,2474,2338
212,2436,211
138,2437,383
2442,2535,421
113,2439,415
1638,2534,416
2352,2545,1617
2089,2441,1937
1573,2498,1575
1657,2443,1654
2430,2562,1441
1897,2442,2233
1438,2444,1439
17,2445,18
2015,2446,2018
447,2483,221
1127,2448,1687
1727,2534,1377
278,2449,277
311,2450,310
2346,2546,1583
347,2452,1576
1440,2453,1963
2130,2478,2272
2001,2485,1490
1020,2455,1018
1564,2470,2322
175,2456,174
2321,2412,1946
2431,2452,347
360,2495,1583
2294,2548,1443
2401,2498,1574
329,2457,1551
148,2458,147
383,2437,2257
2377,2555,145
1489,2557,2326
284,2529,1682
219,2459,326
2245,2454,2246
136,2526,2385
1470,2461,1728
389,2462,131
2249,2488,1532
2420,2536,1705
173,2463,172
1513,2549,1514
1262,2532,2438
331,2528,2453
191,2464,371
2369,2461,1470
1014,2466,1739
171,2467,170
299,2468,298
133,2469,132
2296,2465,1509
2283,2440,369
1749,2470,1083
235,2471,234
377,2491,2273
1014,2475,2466
2018,2446,2394
1630,2499,2388
2447,2544,1449
1451,2478,2130
1725,2475,1014
2311,2471,1968
1776,2476,918
352,2477,1581
280,2479,279
358,2419,2378
1897,2535,2442
1611,2533,412
21,2480,22
23,2482,366
2453,2528,1963
2057,2484,1321
2303,2491,377
428,2485,2386
350,2554,2269
340,2460,2276
1311,2491,2303
76,2486,77
1251,2487,1249
1532,2488,1777
230,2489,229
104,2490,105
1514,2538,1929
1542,2533,1450
1475,2552,2408
1009,2559,1662
380,2492,1673
2346,2495,1465
317,2493,398
2386,2485,2001
331,2453,2334
1706,2494,1395
1362,2496,2066
795,2497,679
384,2465,2296
393,2507,2361
259,2500,258
1906,2501,1454
2501,2502,1454
2496,2505,2066
1454,2502,1978
202,2503,201
1547,2504,1289
2066,2505,2055
1524,2506,1688
1525,2480,2332
1370,2507,2059
127,2508,126
427,2473,2264
267,2510,266
433,2474,2271
187,2511,186
154,2512,153
2378,2419,1494
2338,2474,433
365,2515,1609
1093,2532,961
1461,2517,1482
2272,2478,387
2502,2541,1978
2232,2516,1374
2424,2551,2263
2258,2481,2062
205,2518,204
1729,2519,1469
387,2520,140
1504,2521,1989
2403,2557,1489
1482,2522,2187
1364,2523,1366
1323,2524,1320
239,2525,328
391,2545,2402
137,2526,136
1661,2531,1634
285,2529,284
1963,2528,2226
2326,2557,328
1463,2530,2000
1456,2535,1897
1705,2536,1468
124,2537,123
1597,2538,1595
1514,2549,2328
437,2539,246
1443,2548,2339
2266,2485,428
1978,2541,1467
1472,2542,1471
2242,2514,1907
1733,2543,1474
2541,2554,1467
1275,2547,1643
231,2550,230
1583,2495,2346
323,2553,208
1467,2554,1988
145,2555,144
1327,2556,1719
1605,2563,1607
338,2558,193
970,2559,1009
152,2560,373
2118,2561,2119
1441,2562,1807
2216,2540,2260
1455,2551,2424
230,2550,2489
370,2513,2286
2278,2528,331
2279,2557,2403
2353,2540,323
2157,2512,2371
1374,2516,2410
421,2535,2312
2264,2473,2419
2275,2544,430
2263,2551,425
328,2557,2279
423,2552,2331
1659,2548,2294
2312,2535,1456
2427,2483,447
1474,2543,2409
2260,2540,2353
2331,2552,1459
2444,2513,370
2345,2551,1455
425,2551,2345
1682,2529,2392
1312,2546,2346
1281,2498,2401
1923,2483,2427
430,2544,2447
1662,2559,2429
2438,2532,1570
2408,2552,423